<?xml version='1.0' encoding='UTF-8' ?>
<ComicInfo xmlns:xsd="http://www.w3.org/2001/XMLSchema" xmlns:xsi="http://www.w3.org/2001/XMLSchema-instance">
  <Title>Chapter 3</Title>
  <Series>Arcane Sniper</Series>
  <Number>3</Number>
  <Summary>Serial tentang gane fantasi hiperrealistis Sersan Ha dasar bajingan gila Kau menembak dengan tepat sasaran lagi Penembak jitu Ha Leeha hanya ingin menjadi bagian dari militer untuk selamanya Namun dikarenakan kecelakaan yang malang dia menjadi lumpuh dan dilempar kembali ke masyarakat Revolusioner VR game Middle Earth menyajikan kehidupan baru untuknya Uang yang didaptkan di Middle Earth memiliki nilai pada nunia byata Meskipun begitu dia menghancurkan kesempatannya dengan memilih karakter dengan tingkat terendah Aku tidak sama seperti yang lainnya Hanya ini yang kumiliki Bubuk mesiu hitam bola besi dan ramrod Akan kutunjukkan padamu bagaimana musketeer yang sesungguhnya</Summary>
  <Writer></Writer>
  <Penciller></Penciller>
  <Genre>Action, Adventure, Fantasy, Manhwa</Genre>
  <Web>https://api.shngm.io/v1/chapter/detail/2451b3e3-b08f-4f0b-9a44-5629ce8af9d8</Web>
  <ty:PublishingStatusTachiyomi xmlns:ty="http://www.w3.org/2001/XMLSchema">Ongoing</ty:PublishingStatusTachiyomi>
</ComicInfo>